"Date","Price","Open","High","Low","Vol.","Change %"
"Mar 23, 2022","24.953","24.863","24.977","24.785","-","0.20%"
"Mar 22, 2022","24.904","25.410","25.590","24.695","45.76K","-1.62%"
"Mar 21, 2022","25.313","25.150","25.520","25.050","34.84K","1.06%"
"Mar 20, 2022","25.047","25.090","25.293","25.047","-","-0.16%"
"Mar 18, 2022","25.087","25.595","25.640","24.980","38.06K","-2.07%"
"Mar 17, 2022","25.616","25.240","25.750","25.165","40.14K","3.67%"
"Mar 16, 2022","24.710","25.115","25.250","24.550","46.30K","-1.78%"
"Mar 15, 2022","25.158","25.260","25.315","24.750","47.79K","-0.55%"
"Mar 14, 2022","25.298","26.280","26.290","25.160","52.36K","-2.32%"
"Mar 13, 2022","25.900","26.145","26.282","25.855","-","-0.99%"
"Mar 11, 2022","26.160","26.255","26.350","25.695","51.55K","-0.37%"
"Mar 10, 2022","26.256","26.060","26.425","25.600","55.85K","1.70%"
"Mar 09, 2022","25.816","26.925","27.390","25.730","87.11K","-4.01%"
"Mar 08, 2022","26.895","25.805","27.495","25.550","127.21K","4.57%"
"Mar 07, 2022","25.720","26.025","26.370","25.465","81.50K","-1.96%"
"Mar 06, 2022","26.235","25.863","26.275","25.863","-","1.73%"
"Mar 04, 2022","25.789","25.285","25.920","25.155","70.86K","2.29%"
"Mar 03, 2022","25.212","25.450","25.665","25.075","57.47K","0.09%"
"Mar 02, 2022","25.190","25.505","25.545","24.960","69.47K","-1.37%"
"Mar 01, 2022","25.541","24.455","25.650","24.345","68.56K","4.82%"
"Feb 28, 2022","24.366","24.620","24.880","24.155","55.28K","-0.38%"
"Feb 27, 2022","24.460","24.195","24.795","24.195","-","1.84%"
"Feb 25, 2022","24.017","24.330","24.550","23.920","67.32K","-2.80%"
"Feb 24, 2022","24.710","24.650","25.705","23.880","90.87K","0.46%"
"Feb 23, 2022","24.598","24.200","24.660","24.095","37.69K","0.99%"
"Feb 22, 2022","24.356","24.095","24.425","23.755","42.99K","1.32%"
"Feb 21, 2022","24.038","24.032","24.207","23.707","-","0.02%"
"Feb 20, 2022","24.032","23.940","24.090","23.920","-","-0.02%"
"Feb 18, 2022","24.038","23.900","24.165","23.745","-","0.48%"
"Feb 17, 2022","23.922","23.675","23.975","23.480","-","1.13%"
"Feb 16, 2022","23.654","23.450","23.710","23.340","-","1.13%"
"Feb 15, 2022","23.390","23.935","24.060","23.125","-","-2.12%"
"Feb 14, 2022","23.897","23.650","24.015","23.605","-","1.04%"
"Feb 13, 2022","23.650","23.617","23.655","23.555","-","0.98%"
"Feb 11, 2022","23.420","23.245","23.755","22.910","-","-0.63%"
"Feb 10, 2022","23.569","23.325","23.780","23.195","-","0.78%"
"Feb 09, 2022","23.386","23.230","23.405","23.150","-","0.62%"
"Feb 08, 2022","23.243","23.070","23.310","22.820","15.28K","0.54%"
"Feb 07, 2022","23.119","22.580","23.140","22.580","-","2.33%"
"Feb 06, 2022","22.593","22.510","22.605","22.500","-","0.34%"
"Feb 04, 2022","22.517","22.460","22.725","22.140","-","0.45%"
"Feb 03, 2022","22.417","22.695","22.695","22.050","-","-1.46%"
"Feb 02, 2022","22.748","22.675","22.910","22.520","-","0.50%"
"Feb 01, 2022","22.635","22.515","23.090","22.450","-","0.90%"
"Jan 31, 2022","22.432","22.505","22.695","22.295","-","0.08%"
"Jan 30, 2022","22.413","22.367","22.475","22.367","-","0.33%"
"Jan 28, 2022","22.340","22.840","22.850","22.200","-","-1.65%"
"Jan 27, 2022","22.714","23.590","23.655","22.625","-","-4.75%"
"Jan 26, 2022","23.846","23.895","24.040","23.515","-","-0.37%"
"Jan 25, 2022","23.934","24.065","24.065","23.685","-","0.41%"
"Jan 24, 2022","23.837","24.350","24.380","23.650","-","-2.07%"
"Jan 23, 2022","24.340","24.330","24.360","24.235","-","-0.07%"
"Jan 21, 2022","24.357","24.530","24.655","24.260","-","-1.60%"
"Jan 20, 2022","24.752","24.195","24.790","24.170","-","2.00%"
"Jan 19, 2022","24.267","23.545","24.295","23.475","-","3.14%"
"Jan 18, 2022","23.528","23.035","23.710","22.870","-","2.10%"
"Jan 17, 2022","23.043","22.970","23.133","22.855","-","0.33%"
"Jan 16, 2022","22.968","22.942","22.988","22.935","-","0.06%"
"Jan 14, 2022","22.954","23.130","23.370","22.885","-","-1.06%"
"Jan 13, 2022","23.199","23.205","23.335","23.065","-","-0.19%"
"Jan 12, 2022","23.243","22.850","23.285","22.735","3.75K","1.73%"
"Jan 11, 2022","22.848","22.525","22.890","22.525","-","1.56%"
"Jan 10, 2022","22.497","22.380","22.570","22.275","-","0.51%"
"Jan 09, 2022","22.383","22.387","22.420","22.328","-","-0.27%"
"Jan 07, 2022","22.443","22.225","22.485","21.985","-","1.00%"
"Jan 06, 2022","22.221","22.845","22.875","22.030","-","-4.23%"
"Jan 05, 2022","23.202","23.095","23.320","22.800","-","0.50%"
"Jan 04, 2022","23.086","22.960","23.150","22.700","-","1.08%"
"Jan 03, 2022","22.840","23.395","23.460","22.740","-","-2.09%"
"Jan 02, 2022","23.328","23.375","23.435","23.323","-","-0.23%"
"Dec 31, 2021","23.381","23.100","23.410","23.100","-","1.26%"
"Dec 30, 2021","23.091","22.905","23.155","22.655","-","1.06%"
"Dec 29, 2021","22.848","23.005","23.005","22.635","0.04K","-1.14%"
"Dec 28, 2021","23.111","23.055","23.295","23.055","0.15K","0.57%"
"Dec 27, 2021","22.979","22.680","22.680","22.680","0.00K","0.44%"
"Dec 26, 2021","22.878","22.933","22.940","22.810","-","-0.14%"
"Dec 24, 2021","22.910","22.910","22.910","22.910","-","-0.13%"
"Dec 23, 2021","22.940","22.815","22.965","22.680","33.91K","0.65%"
"Dec 22, 2021","22.792","22.465","22.705","22.465","0.19K","1.29%"
"Dec 21, 2021","22.502","22.225","22.740","22.225","0.19K","1.02%"
"Dec 20, 2021","22.275","22.300","22.370","22.290","0.09K","-0.39%"
"Dec 19, 2021","22.363","22.370","22.410","22.352","-","-0.64%"
"Dec 17, 2021","22.507","22.450","22.485","22.450","0.03K","0.23%"
"Dec 16, 2021","22.455","22.135","22.400","22.120","0.09K","4.40%"
"Dec 15, 2021","21.508","21.500","21.640","21.500","0.01K","-1.73%"
"Dec 14, 2021","21.887","22.250","22.250","21.660","0.00K","-1.81%"
"Dec 13, 2021","22.290","22.245","22.260","22.130","0.01K","0.25%"
"Dec 12, 2021","22.235","22.210","22.262","22.192","-","0.34%"
"Dec 10, 2021","22.160","21.885","22.165","21.800","0.02K","0.85%"
"Dec 09, 2021","21.974","22.280","22.285","21.890","0.03K","-1.86%"
"Dec 08, 2021","22.390","22.430","22.445","22.310","0.27K","-0.43%"
"Dec 07, 2021","22.487","22.385","22.560","22.375","0.05K","1.17%"
"Dec 06, 2021","22.228","22.490","22.490","22.100","0.09K","-1.65%"
"Dec 05, 2021","22.602","22.562","22.628","22.508","-","0.70%"
"Dec 03, 2021","22.445","22.410","22.470","22.040","0.20K","0.74%"
"Dec 02, 2021","22.280","22.295","22.400","22.240","0.13K","-0.09%"
"Dec 01, 2021","22.299","22.770","22.995","22.155","0.49K","-2.05%"
"Nov 30, 2021","22.765","22.885","23.260","22.705","2.51K","-0.15%"
"Nov 29, 2021","22.799","23.135","23.415","22.730","10.39K","-3.35%"
"Nov 28, 2021","23.590","23.415","23.595","23.337","-","2.09%"
"Nov 26, 2021","23.107","23.580","23.735","22.915","61.28K","-2.01%"
"Nov 25, 2021","23.582","23.585","23.733","23.562","-","0.37%"
"Nov 24, 2021","23.496","23.640","23.695","23.400","54.62K","0.26%"
"Nov 23, 2021","23.435","24.210","24.340","23.280","93.87K","-3.55%"
"Nov 22, 2021","24.297","24.670","24.955","24.140","78.54K","-1.43%"
"Nov 21, 2021","24.650","24.655","24.688","24.555","-","-0.53%"
"Nov 19, 2021","24.781","24.850","25.040","24.610","67.98K","-0.48%"
"Nov 18, 2021","24.900","25.150","25.230","24.730","63.62K","-1.06%"
"Nov 17, 2021","25.167","24.860","25.285","24.850","54.35K","0.89%"
"Nov 16, 2021","24.944","25.135","25.490","24.825","77.00K","-0.64%"
"Nov 15, 2021","25.105","25.425","25.465","24.970","68.48K","-1.27%"
"Nov 14, 2021","25.427","25.413","25.462","25.390","-","0.32%"
"Nov 12, 2021","25.346","25.350","25.470","24.925","66.39K","0.18%"
"Nov 11, 2021","25.301","24.710","25.365","24.645","82.02K","2.14%"
"Nov 10, 2021","24.772","24.375","25.220","24.040","131.56K","1.87%"
"Nov 09, 2021","24.318","24.550","24.565","24.090","65.11K","-0.91%"
"Nov 08, 2021","24.542","24.285","24.590","24.130","67.62K","1.35%"
"Nov 07, 2021","24.215","24.212","24.277","24.210","-","0.24%"
"Nov 05, 2021","24.157","23.870","24.255","23.665","73.24K","1.03%"
"Nov 04, 2021","23.911","23.530","24.115","23.485","68.46K","2.93%"
"Nov 03, 2021","23.231","23.570","23.665","23.045","67.16K","-1.17%"
"Nov 02, 2021","23.507","24.130","24.140","23.430","63.00K","-2.35%"
"Nov 01, 2021","24.073","23.985","24.175","23.810","37.06K","0.98%"
"Oct 31, 2021","23.840","23.950","23.983","23.808","-","-0.46%"
"Oct 29, 2021","23.949","24.135","24.140","23.705","57.80K","-0.71%"
"Oct 28, 2021","24.120","24.130","24.310","24.020","45.96K","-0.29%"
"Oct 27, 2021","24.191","24.220","24.330","23.905","48.09K","0.43%"
"Oct 26, 2021","24.088","24.650","24.655","23.925","61.76K","-2.05%"
"Oct 25, 2021","24.592","24.395","24.695","24.365","44.83K","0.57%"
"Oct 24, 2021","24.453","24.380","24.470","24.358","-","0.02%"
"Oct 22, 2021","24.449","24.220","24.920","24.185","83.28K","1.15%"
"Oct 21, 2021","24.170","24.370","24.550","24.070","58.68K","-1.12%"
"Oct 20, 2021","24.445","23.710","24.495","23.615","73.13K","2.35%"
"Oct 19, 2021","23.883","23.250","24.180","23.220","79.07K","2.66%"
"Oct 18, 2021","23.264","23.380","23.495","23.035","47.03K","-0.53%"
"Oct 17, 2021","23.387","23.335","23.427","23.335","-","0.16%"
"Oct 15, 2021","23.349","23.565","23.645","23.100","52.25K","-0.55%"
"Oct 14, 2021","23.477","23.100","23.625","22.925","54.28K","1.32%"
"Oct 13, 2021","23.170","22.570","23.285","22.480","71.90K","2.91%"
"Oct 12, 2021","22.514","22.610","22.790","22.325","42.93K","-0.67%"
"Oct 11, 2021","22.665","22.685","22.830","22.495","29.93K","0.21%"
"Oct 10, 2021","22.617","22.680","22.738","22.575","-","-0.39%"
"Oct 08, 2021","22.705","22.610","23.220","22.435","69.58K","0.21%"
"Oct 07, 2021","22.658","22.640","22.840","22.385","41.56K","0.56%"
"Oct 06, 2021","22.532","22.635","22.700","22.185","38.89K","-0.34%"
"Oct 05, 2021","22.608","22.725","22.730","22.380","27.04K","-0.16%"
"Oct 04, 2021","22.644","22.600","22.805","22.290","35.18K","-0.17%"
"Oct 03, 2021","22.683","22.560","22.790","22.540","-","0.65%"
"Oct 01, 2021","22.536","22.185","22.600","21.990","43.51K","2.22%"
"Sep 30, 2021","22.047","21.515","22.225","21.460","66.12K","2.62%"
"Sep 29, 2021","21.485","22.475","22.565","21.410","80.16K","-4.37%"
"Sep 28, 2021","22.467","22.625","22.680","22.080","55.49K","-1.00%"
"Sep 27, 2021","22.694","22.395","22.865","22.390","36.11K","1.25%"
"Sep 26, 2021","22.413","22.405","22.445","22.395","-","-0.05%"
"Sep 24, 2021","22.425","22.530","22.790","22.090","41.67K","-1.12%"
"Sep 23, 2021","22.679","22.695","22.880","22.465","43.74K","-1.00%"
"Sep 22, 2021","22.907","22.485","23.150","22.455","51.99K","1.31%"
"Sep 21, 2021","22.611","22.265","22.720","22.210","41.11K","1.83%"
"Sep 20, 2021","22.204","22.330","22.500","22.025","50.98K","-0.69%"
"Sep 19, 2021","22.358","22.302","22.392","22.142","-","0.09%"
"Sep 17, 2021","22.337","22.910","23.130","22.305","66.39K","-2.00%"
"Sep 16, 2021","22.794","23.865","24.000","22.585","90.20K","-4.23%"
"Sep 15, 2021","23.801","23.865","23.940","23.670","32.69K","-0.35%"
"Sep 14, 2021","23.885","23.775","23.980","23.435","42.44K","0.37%"
"Sep 13, 2021","23.796","23.790","23.890","23.360","47.76K","-0.03%"
"Sep 12, 2021","23.802","23.815","23.835","23.780","-","-0.41%"
"Sep 10, 2021","23.900","24.100","24.345","23.760","39.09K","-1.15%"
"Sep 09, 2021","24.177","23.995","24.355","23.865","43.41K","0.50%"
"Sep 08, 2021","24.056","24.390","24.480","23.940","45.43K","-1.30%"
"Sep 07, 2021","24.373","24.865","24.895","24.210","69.93K","-1.49%"
"Sep 06, 2021","24.742","24.808","24.887","24.707","-","-0.28%"
"Sep 05, 2021","24.812","24.797","24.867","24.775","-","0.04%"
"Sep 03, 2021","24.802","23.950","24.945","23.910","67.19K","3.70%"
"Sep 02, 2021","23.918","24.200","24.275","23.815","36.86K","-1.25%"
"Sep 01, 2021","24.221","23.935","24.325","23.775","48.67K","0.90%"
"Aug 31, 2021","24.006","24.065","24.270","23.830","44.56K","0.00%"
"Aug 30, 2021","24.006","24.130","24.280","23.950","47.98K","-0.59%"
"Aug 29, 2021","24.148","24.078","24.163","24.060","-","0.16%"
"Aug 27, 2021","24.110","23.610","24.180","23.355","61.30K","2.18%"
"Aug 26, 2021","23.596","23.930","23.945","23.465","35.44K","-0.95%"
"Aug 25, 2021","23.822","23.915","23.960","23.640","32.16K","-0.48%"
"Aug 24, 2021","23.937","23.695","24.015","23.595","19.86K","1.19%"
"Aug 23, 2021","23.656","22.985","23.705","22.925","57.34K","3.09%"
"Aug 22, 2021","22.948","22.973","23.040","22.938","-","-0.71%"
"Aug 20, 2021","23.112","23.210","23.300","22.835","55.72K","-0.51%"
"Aug 19, 2021","23.230","23.500","23.515","23.080","51.43K","-0.82%"
"Aug 18, 2021","23.422","23.660","23.830","23.265","46.29K","-1.00%"
"Aug 17, 2021","23.659","23.840","23.955","23.565","42.59K","-0.55%"
"Aug 16, 2021","23.791","23.745","23.890","23.380","42.36K","0.52%"
"Aug 15, 2021","23.668","23.715","23.753","23.663","-","-0.47%"
"Aug 13, 2021","23.779","23.155","23.830","23.130","53.76K","2.87%"
"Aug 12, 2021","23.116","23.515","23.530","22.970","66.98K","-1.58%"
"Aug 11, 2021","23.488","23.325","23.565","23.190","70.05K","0.41%"
"Aug 10, 2021","23.392","23.450","23.675","23.220","62.93K","0.53%"
"Aug 09, 2021","23.269","24.340","24.380","22.295","118.53K","-1.35%"
"Aug 08, 2021","23.587","24.332","24.380","22.295","-","-3.04%"
"Aug 06, 2021","24.326","25.195","25.230","24.205","113.95K","-3.82%"
"Aug 05, 2021","25.292","25.425","25.565","25.115","42.43K","-0.66%"
"Aug 04, 2021","25.461","25.590","26.090","25.375","72.93K","-0.47%"
"Aug 03, 2021","25.582","25.470","25.665","25.270","45.85K","0.03%"
"Aug 02, 2021","25.575","25.625","25.675","25.345","52.01K","0.05%"
"Aug 01, 2021","25.562","25.530","25.575","25.512","-","0.06%"
"Jul 30, 2021","25.547","25.600","25.685","25.395","43.33K","-0.91%"
"Jul 29, 2021","25.782","25.015","25.875","25.000","70.55K","3.64%"
"Jul 28, 2021","24.877","24.730","25.060","24.655","54.85K","0.92%"
"Jul 27, 2021","24.649","25.255","25.320","24.515","80.91K","-2.64%"
"Jul 26, 2021","25.318","25.270","25.510","25.175","40.29K","0.39%"
"Jul 25, 2021","25.220","25.227","25.227","25.214","-","-0.05%"
"Jul 23, 2021","25.233","25.480","25.535","25.050","39.88K","-0.58%"
"Jul 22, 2021","25.381","25.330","25.515","25.060","48.08K","0.50%"
"Jul 21, 2021","25.255","24.975","25.365","24.790","50.53K","1.04%"
"Jul 20, 2021","24.995","25.240","25.315","24.840","64.68K","-0.59%"
"Jul 19, 2021","25.144","25.700","25.805","25.035","86.39K","-2.34%"
"Jul 18, 2021","25.747","25.707","25.753","25.665","-","-0.19%"
"Jul 16, 2021","25.795","26.430","26.550","25.640","78.28K","-2.27%"
"Jul 15, 2021","26.394","26.325","26.490","26.245","35.26K","0.47%"
"Jul 14, 2021","26.271","26.055","26.575","26.010","65.10K","0.50%"
"Jul 13, 2021","26.140","26.320","26.440","26.005","50.73K","-0.38%"
"Jul 12, 2021","26.239","26.185","26.375","25.930","43.37K","0.18%"
"Jul 11, 2021","26.192","26.198","26.212","26.175","-","-0.16%"
"Jul 09, 2021","26.234","26.005","26.300","25.820","45.50K","0.95%"
"Jul 08, 2021","25.987","26.265","26.310","25.875","59.52K","-0.54%"
"Jul 07, 2021","26.129","26.265","26.545","26.060","50.06K","-0.17%"
"Jul 06, 2021","26.174","26.640","26.910","26.100","80.50K","-1.37%"
"Jul 05, 2021","26.538","26.698","26.745","26.503","-","0.14%"
"Jul 02, 2021","26.501","26.145","26.700","26.100","57.34K","1.54%"
"Jul 01, 2021","26.100","26.250","26.525","26.045","54.77K","-0.36%"
"Jun 30, 2021","26.194","25.875","26.275","25.800","44.64K","1.13%"
"Jun 29, 2021","25.901","26.235","26.235","25.580","75.84K","-1.34%"
"Jun 28, 2021","26.254","26.220","26.335","25.875","40.54K","0.24%"
"Jun 27, 2021","26.192","26.098","26.218","26.098","-","0.25%"
"Jun 25, 2021","26.126","26.055","26.415","26.010","31.54K","0.14%"
"Jun 24, 2021","26.089","25.980","26.280","25.905","25.31K","-0.24%"
"Jun 23, 2021","26.152","25.890","26.410","25.850","23.74K","0.98%"
"Jun 22, 2021","25.898","26.020","26.120","25.775","13.53K","-0.64%"
"Jun 21, 2021","26.065","25.895","26.170","25.615","13.28K","0.52%"
"Jun 20, 2021","25.930","25.835","25.977","25.830","-","-0.30%"
"Jun 18, 2021","26.009","25.995","26.590","25.810","17.96K","0.45%"
"Jun 17, 2021","25.892","27.050","27.360","25.855","26.94K","-7.02%"
"Jun 16, 2021","27.848","27.840","28.005","26.740","9.78K","0.43%"
"Jun 15, 2021","27.730","28.050","28.070","27.520","10.06K","-1.23%"
"Jun 14, 2021","28.074","28.105","28.185","27.605","7.69K","0.43%"
"Jun 13, 2021","27.955","28.050","28.122","27.948","-","-0.80%"
"Jun 11, 2021","28.180","28.175","28.465","28.055","19.57K","0.42%"
"Jun 10, 2021","28.062","27.910","28.210","27.515","20.04K","0.11%"
"Jun 09, 2021","28.032","27.750","28.165","27.660","14.58K","0.97%"
"Jun 08, 2021","27.762","28.060","28.145","27.645","16.40K","-1.03%"
"Jun 07, 2021","28.050","27.945","28.115","27.635","16.96K","0.62%"
"Jun 06, 2021","27.878","27.918","27.918","27.863","-","-0.17%"
"Jun 04, 2021","27.926","27.585","28.010","27.355","4.68K","1.53%"
"Jun 03, 2021","27.506","28.330","28.395","27.125","5.01K","-2.58%"
"Jun 02, 2021","28.235","28.030","28.350","27.815","4.05K","0.36%"
"Jun 01, 2021","28.134","28.080","28.735","27.965","4.75K","-0.21%"
"May 31, 2021","28.192","28.055","28.258","27.997","-","0.48%"
"May 30, 2021","28.058","28.060","28.085","28.035","-","0.05%"
"May 28, 2021","28.045","28.005","28.120","27.515","2.81K","0.26%"
"May 27, 2021","27.971","27.805","28.020","27.635","3.28K","0.23%"
"May 26, 2021","27.907","28.150","28.355","27.730","2.34K","-0.64%"
"May 25, 2021","28.086","27.895","28.180","27.595","2.99K","0.55%"
"May 24, 2021","27.932","27.710","28.035","27.585","2.20K","0.99%"
"May 23, 2021","27.657","27.648","27.677","27.598","-","0.53%"
"May 21, 2021","27.510","27.885","28.200","27.310","2.87K","-2.07%"
"May 20, 2021","28.091","27.870","28.145","27.525","2.12K","0.16%"
"May 19, 2021","28.047","28.320","28.350","27.460","3.35K","-1.10%"
"May 18, 2021","28.358","28.385","28.920","28.150","2.67K","0.21%"
"May 17, 2021","28.298","27.535","28.455","27.475","2.76K","2.60%"
"May 16, 2021","27.582","27.483","27.610","27.455","-","0.70%"
"May 14, 2021","27.390","27.220","27.605","26.955","1.83K","1.13%"
"May 13, 2021","27.083","27.110","27.330","26.815","3.28K","-0.67%"
"May 12, 2021","27.267","27.775","27.830","27.050","3.59K","-1.53%"
"May 11, 2021","27.690","27.400","27.795","27.215","3.04K","0.63%"
"May 10, 2021","27.517","27.690","28.010","27.375","2.94K","-0.90%"
"May 09, 2021","27.767","27.560","27.780","27.560","-","0.96%"
"May 07, 2021","27.502","27.415","27.795","27.270","2.44K","-0.00%"
"May 06, 2021","27.503","26.590","27.605","26.310","4.53K","3.60%"
"May 05, 2021","26.548","26.565","26.720","26.200","2.55K","-0.13%"
"May 04, 2021","26.583","27.040","27.265","26.205","3.59K","-1.50%"
"May 03, 2021","26.988","26.005","27.130","25.930","3.65K","4.13%"
"May 02, 2021","25.918","25.980","25.983","25.890","-","0.07%"
"Apr 30, 2021","25.900","26.200","26.295","25.885","3.49K","-0.82%"
"Apr 29, 2021","26.115","26.425","26.585","25.820","2.83K","-0.14%"
"Apr 28, 2021","26.151","26.230","26.385","25.910","1.25K","-1.26%"
"Apr 27, 2021","26.484","26.230","26.550","26.230","1.32K","0.79%"
"Apr 26, 2021","26.276","26.200","26.345","25.995","0.51K","1.08%"
"Apr 25, 2021","25.995","25.992","26.045","25.965","-","-0.56%"
"Apr 23, 2021","26.142","26.265","26.405","25.960","1.59K","-0.40%"
"Apr 22, 2021","26.247","26.705","26.705","26.125","0.64K","-1.45%"
"Apr 21, 2021","26.632","25.945","26.770","25.945","1.88K","2.81%"
"Apr 20, 2021","25.904","26.030","26.080","25.885","1.29K","0.01%"
"Apr 19, 2021","25.902","26.000","26.290","25.760","0.91K","-0.33%"
"Apr 18, 2021","25.988","26.035","26.062","25.973","-","-0.69%"
"Apr 16, 2021","26.169","25.945","26.370","25.905","0.29K","0.55%"
"Apr 15, 2021","26.026","25.715","26.120","25.455","1.08K","1.70%"
"Apr 14, 2021","25.590","25.440","25.590","25.340","1.12K","0.39%"
"Apr 13, 2021","25.491","24.800","25.575","24.800","1.89K","2.25%"
"Apr 12, 2021","24.931","25.210","25.335","24.800","1.18K","-1.48%"
"Apr 11, 2021","25.305","25.315","25.320","25.253","-","-0.33%"
"Apr 09, 2021","25.389","25.575","25.575","25.100","1.24K","-1.03%"
"Apr 08, 2021","25.653","25.100","25.725","25.100","2.51K","1.35%"
"Apr 07, 2021","25.312","25.270","25.335","25.010","0.54K","0.04%"
"Apr 06, 2021","25.302","25.100","25.400","24.990","0.49K","1.80%"
"Apr 05, 2021","24.855","25.065","25.100","24.800","0.49K","-0.77%"
"Apr 04, 2021","25.047","25.003","25.062","24.965","-","0.11%"
"Apr 01, 2021","25.020","24.415","25.060","24.415","63.17K","1.67%"
"Mar 31, 2021","24.609","24.060","24.620","23.825","0.42K","1.65%"
"Mar 30, 2021","24.209","24.680","24.820","23.995","0.34K","-2.54%"
"Mar 29, 2021","24.841","25.050","25.050","24.600","0.28K","-0.96%"
"Mar 28, 2021","25.082","25.133","25.145","25.038","-","-0.41%"
"Mar 26, 2021","25.184","25.350","25.350","25.000","0.19K","0.30%"
"Mar 25, 2021","25.108","25.200","25.265","24.555","0.65K","-0.74%"
"Mar 24, 2021","25.295","25.250","25.475","25.200","0.43K","0.04%"
"Mar 23, 2021","25.285","25.765","25.795","25.125","0.24K","-2.06%"
"Mar 22, 2021","25.818","26.050","26.050","25.645","0.27K","-0.52%"
"Mar 21, 2021","25.953","26.337","26.337","25.933","-","-1.59%"
"Mar 19, 2021","26.371","26.220","26.385","26.195","0.83K","-0.12%"
"Mar 18, 2021","26.404","26.510","26.700","25.970","0.17K","1.11%"
"Mar 17, 2021","26.113","25.970","26.550","25.970","0.18K","0.21%"
"Mar 16, 2021","26.058","26.380","26.440","25.980","0.15K","-1.10%"
"Mar 15, 2021","26.348","26.065","26.370","26.065","0.33K","1.11%"
"Mar 14, 2021","26.058","25.983","26.157","25.977","-","0.39%"
"Mar 12, 2021","25.958","25.775","26.005","25.550","0.46K","-1.10%"
"Mar 11, 2021","26.246","26.255","26.410","26.090","0.90K","0.23%"
"Mar 10, 2021","26.186","26.095","26.215","25.725","0.45K","-0.21%"
"Mar 09, 2021","26.241","25.555","26.255","25.480","0.69K","3.62%"
"Mar 08, 2021","25.324","25.700","25.960","25.055","0.90K","-0.65%"
"Mar 07, 2021","25.490","25.390","25.615","25.390","-","0.53%"
"Mar 05, 2021","25.355","25.330","25.530","24.975","1.07K","-0.67%"
"Mar 04, 2021","25.527","26.255","26.395","25.235","0.92K","-3.49%"
"Mar 03, 2021","26.451","26.835","26.835","25.940","0.60K","-1.79%"
"Mar 02, 2021","26.933","26.500","27.025","25.875","0.70K","0.77%"
"Mar 01, 2021","26.728","26.855","27.100","26.595","0.94K","-0.39%"
"Feb 28, 2021","26.832","26.668","26.840","26.630","-","1.26%"
"Feb 26, 2021","26.498","27.580","27.580","26.350","0.62K","-4.45%"
"Feb 25, 2021","27.733","28.080","28.310","27.400","0.48K","-0.82%"
"Feb 24, 2021","27.963","27.835","28.030","27.515","0.26K","0.65%"
"Feb 23, 2021","27.782","28.050","28.145","27.595","0.53K","-1.36%"
"Feb 22, 2021","28.166","27.620","28.385","27.465","0.55K","2.51%"
"Feb 21, 2021","27.477","27.308","27.630","27.308","-","0.57%"
"Feb 19, 2021","27.321","26.250","27.700","26.250","0.57K","0.69%"
"Feb 18, 2021","27.134","27.475","27.535","27.085","0.30K","-0.83%"
"Feb 17, 2021","27.362","27.230","27.485","26.965","0.22K","-0.03%"
"Feb 16, 2021","27.369","27.695","28.070","27.235","0.94K","-1.09%"
"Feb 15, 2021","27.672","27.503","27.802","27.468","-","0.59%"
"Feb 14, 2021","27.510","27.395","27.615","27.395","-","0.47%"
"Feb 12, 2021","27.380","27.300","27.515","27.155","0.80K","0.97%"
"Feb 11, 2021","27.118","26.925","27.400","26.925","1.00K","-0.06%"
"Feb 10, 2021","27.134","27.530","27.550","27.025","0.93K","-1.14%"
"Feb 09, 2021","27.448","27.515","27.735","27.265","0.98K","-0.56%"
"Feb 08, 2021","27.602","27.325","27.700","27.000","0.91K","0.95%"
"Feb 07, 2021","27.343","27.027","27.390","26.825","-","1.04%"
"Feb 05, 2021","27.062","26.725","27.155","26.575","1.66K","2.79%"
"Feb 04, 2021","26.327","26.540","26.780","26.145","0.71K","-2.43%"
"Feb 03, 2021","26.982","27.040","27.135","26.915","0.88K","1.94%"
"Feb 02, 2021","26.469","28.425","28.425","26.440","1.05K","-9.86%"
"Feb 01, 2021","29.364","28.550","29.930","28.405","2.17K","1.89%"
"Jan 31, 2021","28.820","27.055","29.223","27.055","-","6.59%"
"Jan 29, 2021","27.037","26.725","27.830","26.430","0.98K","3.76%"
"Jan 28, 2021","26.058","25.250","27.040","25.250","0.58K","2.00%"
"Jan 27, 2021","25.548","25.325","25.555","25.000","0.15K","-0.60%"
"Jan 26, 2021","25.701","25.570","25.645","25.570","0.14K","0.20%"
"Jan 25, 2021","25.650","25.750","25.885","25.430","0.29K","0.14%"
"Jan 24, 2021","25.615","25.497","25.680","25.455","-","-0.40%"
"Jan 22, 2021","25.717","25.980","25.980","25.335","0.26K","-1.16%"
"Jan 21, 2021","26.020","26.225","26.225","25.925","0.41K","0.34%"
"Jan 20, 2021","25.933","25.620","26.105","25.620","0.37K","1.68%"
"Jan 19, 2021","25.505","24.500","25.505","24.480","0.29K","1.84%"
"Jan 18, 2021","25.045","24.250","25.200","24.250","-","3.27%"
"Jan 17, 2021","24.253","24.812","24.890","24.220","-","-3.20%"
"Jan 15, 2021","25.054","25.670","25.690","24.840","0.87K","-3.63%"
"Jan 14, 2021","25.997","25.325","26.145","25.325","0.80K","0.89%"
"Jan 13, 2021","25.768","25.825","25.825","25.530","0.76K","0.51%"
"Jan 12, 2021","25.637","25.400","25.925","25.390","0.75K","0.62%"
"Jan 11, 2021","25.478","25.625","25.625","24.575","0.96K","1.37%"
"Jan 10, 2021","25.133","25.358","25.590","24.915","-","1.16%"
"Jan 08, 2021","24.845","26.865","27.000","24.800","0.89K","-9.57%"
"Jan 07, 2021","27.473","27.500","27.580","27.300","0.46K","0.74%"
"Jan 06, 2021","27.270","28.155","28.155","27.145","0.61K","-2.14%"
"Jan 05, 2021","27.867","27.645","27.950","27.645","0.75K","1.03%"
"Jan 04, 2021","27.584","27.000","27.830","27.000","0.92K","2.13%"
"Jan 03, 2021","27.008","26.560","27.085","26.552","-","1.82%"
"Jan 01, 2021","26.525","26.525","26.525","26.525","-","-0.24%"
"Dec 31, 2020","26.589","26.825","26.880","26.575","0.27K","-0.61%"
"Dec 30, 2020","26.753","26.550","26.815","26.550","0.27K","1.38%"
"Dec 29, 2020","26.388","26.375","26.715","26.300","0.16K","-1.18%"
"Dec 28, 2020","26.704","26.500","26.925","26.500","0.14K","1.56%"
"Dec 27, 2020","26.295","25.910","26.305","25.910","-","0.87%"
"Dec 24, 2020","26.069","25.750","25.750","25.750","0.04K","-0.02%"
"Dec 23, 2020","26.075","25.655","25.685","25.655","0.14K","1.51%"
"Dec 22, 2020","25.688","26.050","26.335","25.680","0.35K","-3.13%"
"Dec 21, 2020","26.519","26.265","27.175","25.560","0.14K","1.94%"
"Dec 20, 2020","26.015","26.075","26.075","26.005","-","-0.59%"
"Dec 18, 2020","26.169","26.070","26.230","26.070","0.09K","-0.60%"
"Dec 17, 2020","26.327","26.300","26.325","26.300","0.09K","4.49%"
"Dec 16, 2020","25.195","25.395","25.425","25.000","0.16K","1.69%"
"Dec 15, 2020","24.777","24.330","24.740","24.330","0.05K","2.47%"
"Dec 14, 2020","24.179","24.190","24.195","24.100","0.23K","0.44%"
"Dec 13, 2020","24.073","24.062","24.165","24.038","-","-0.59%"
"Dec 11, 2020","24.217","24.270","24.290","24.205","0.18K","-0.02%"
"Dec 10, 2020","24.223","24.350","24.385","24.185","0.24K","0.37%"
"Dec 09, 2020","24.133","24.550","24.550","24.100","0.24K","-3.00%"
"Dec 08, 2020","24.880","25.020","25.035","24.805","0.20K","-0.39%"
"Dec 07, 2020","24.977","24.340","25.110","24.165","0.19K","2.98%"
"Dec 06, 2020","24.255","24.285","24.365","24.215","-","-0.73%"
"Dec 04, 2020","24.434","24.615","24.645","24.615","0.09K","0.51%"
"Dec 03, 2020","24.309","24.205","24.345","24.065","0.09K","0.21%"
"Dec 02, 2020","24.259","24.360","24.535","24.040","0.18K","-0.10%"
"Dec 01, 2020","24.283","23.735","24.290","23.735","0.21K","6.50%"
"Nov 30, 2020","22.800","22.625","22.940","22.535","0.26K","0.29%"
"Nov 29, 2020","22.735","22.780","22.785","22.727","-","-0.53%"
"Nov 27, 2020","22.857","23.100","23.100","22.845","0.08K","-1.54%"
"Nov 26, 2020","23.215","23.395","23.505","23.190","-","-1.90%"
"Nov 25, 2020","23.665","23.685","23.785","23.685","0.12K","0.15%"
"Nov 24, 2020","23.630","23.560","23.560","23.560","0.05K","-1.42%"
"Nov 23, 2020","23.971","24.380","24.380","23.800","0.11K","-1.19%"
"Nov 22, 2020","24.260","24.207","24.262","24.148","-","-1.76%"
"Nov 20, 2020","24.694","24.800","24.880","24.775","0.22K","1.30%"
"Nov 19, 2020","24.378","24.185","24.205","24.185","0.01K","-1.65%"
"Nov 18, 2020","24.786","24.825","24.825","24.770","0.01K","-0.81%"
"Nov 17, 2020","24.989","24.910","25.050","24.775","0.18K","-0.68%"
"Nov 16, 2020","25.159","25.350","25.365","24.685","0.03K","1.55%"
"Nov 15, 2020","24.775","24.738","24.830","24.725","-","-1.53%"
"Nov 13, 2020","25.160","25.075","25.195","25.075","0.03K","1.90%"
"Nov 12, 2020","24.692","24.755","24.755","24.625","0.20K","0.19%"
"Nov 11, 2020","24.645","24.620","24.620","24.330","0.17K","-0.86%"
"Nov 10, 2020","24.860","24.650","24.755","24.575","0.28K","3.16%"
"Nov 09, 2020","24.099","25.245","25.245","24.070","0.25K","-7.51%"
"Nov 08, 2020","26.055","25.710","26.130","25.710","-","-0.09%"
"Nov 06, 2020","26.079","26.220","26.220","25.950","0.30K","1.89%"
"Nov 05, 2020","25.596","24.390","25.215","24.390","0.40K","5.29%"
"Nov 04, 2020","24.309","24.610","24.640","24.610","0.39K","-1.89%"
"Nov 03, 2020","24.778","24.815","24.850","24.815","0.41K","1.09%"
"Nov 02, 2020","24.511","24.640","24.640","24.500","0.36K","4.27%"
"Nov 01, 2020","23.508","23.695","23.715","23.462","-","-2.38%"
"Oct 30, 2020","24.080","23.825","24.210","23.825","0.06K","1.23%"
"Oct 29, 2020","23.787","23.445","23.825","23.445","0.07K","0.09%"
"Oct 28, 2020","23.766","24.275","24.275","24.275","0.03K","-4.86%"
"Oct 27, 2020","24.979","24.920","24.930","24.920","0.00K","0.56%"
"Oct 26, 2020","24.841","24.700","24.975","24.700","0.01K","1.29%"
"Oct 25, 2020","24.525","24.672","24.740","24.247","-","-2.30%"
"Oct 23, 2020","25.103","25.100","25.215","24.970","0.04K","-0.22%"
"Oct 22, 2020","25.158","25.425","25.425","25.290","0.03K","-2.04%"
"Oct 21, 2020","25.683","25.585","25.585","25.585","0.00K","0.97%"
"Oct 20, 2020","25.437","25.005","25.420","24.835","0.16K","1.10%"
"Oct 19, 2020","25.160","25.290","25.290","25.290","0.01K","3.42%"
"Oct 18, 2020","24.328","24.315","24.365","24.262","-","-2.13%"
"Oct 16, 2020","24.857","24.685","24.685","24.685","0.01K","0.75%"
"Oct 15, 2020","24.671","24.315","24.315","24.315","0.04K","-0.88%"
"Oct 14, 2020","24.889","24.660","25.020","24.595","0.00K","1.06%"
"Oct 13, 2020","24.628","25.600","25.600","24.745","0.04K","-4.42%"
"Oct 12, 2020","25.768","25.640","25.825","25.640","0.04K","1.64%"
"Oct 11, 2020","25.352","25.317","25.457","25.200","-","-0.86%"
"Oct 09, 2020","25.571","24.965","25.700","24.965","0.08K","5.23%"
"Oct 08, 2020","24.299","24.575","24.625","24.575","0.04K","-0.28%"
"Oct 07, 2020","24.368","24.055","24.170","24.050","0.07K","0.32%"
"Oct 06, 2020","24.291","24.960","24.960","24.960","0.33K","-2.64%"
"Oct 05, 2020","24.950","24.545","24.665","24.545","0.38K","3.83%"
"Oct 04, 2020","24.030","23.895","24.065","23.830","-","-1.61%"
"Oct 02, 2020","24.422","24.455","24.500","24.390","0.24K","-0.97%"
"Oct 01, 2020","24.660","24.290","24.290","24.290","0.26K","3.10%"
"Sep 30, 2020","23.919","24.135","24.540","23.775","0.14K","-3.66%"
"Sep 29, 2020","24.827","24.320","24.870","24.320","0.02K","3.59%"
"Sep 28, 2020","23.967","23.525","23.850","23.525","0.02K","3.84%"
"Sep 27, 2020","23.080","23.038","23.188","22.995","-","-1.63%"
"Sep 25, 2020","23.462","23.375","23.390","23.010","0.03K","-0.41%"
"Sep 24, 2020","23.559","22.450","22.450","22.450","0.11K","0.18%"
"Sep 23, 2020","23.517","24.650","24.650","23.175","0.03K","-5.79%"
"Sep 22, 2020","24.962","25.085","25.085","25.085","0.08K","0.52%"
"Sep 21, 2020","24.832","26.525","26.525","25.075","0.02K","-7.64%"
"Sep 20, 2020","26.885","27.008","27.008","26.677","-","-2.56%"
"Sep 18, 2020","27.591","27.410","27.675","27.410","0.01K","0.08%"
"Sep 17, 2020","27.569","27.440","27.440","27.040","0.07K","-1.37%"
"Sep 16, 2020","27.951","28.055","28.065","28.055","0.01K","-0.01%"
"Sep 15, 2020","27.953","28.060","28.060","28.060","0.09K","0.34%"
"Sep 14, 2020","27.858","27.430","27.760","27.430","0.01K","3.28%"
"Sep 13, 2020","26.973","26.927","26.995","26.850","-","-1.41%"
"Sep 11, 2020","27.359","27.440","27.600","27.440","0.01K","-1.57%"
"Sep 10, 2020","27.796","27.510","27.510","27.510","0.03K","0.61%"
"Sep 09, 2020","27.628","27.145","27.555","27.145","0.08K","0.22%"
"Sep 08, 2020","27.568","27.720","27.725","27.720","0.01K","1.86%"
"Sep 07, 2020","27.065","27.047","27.380","26.828","-","0.08%"
"Sep 06, 2020","27.043","27.075","27.192","27.010","-","-0.90%"
"Sep 04, 2020","27.289","27.000","27.420","27.000","0.31K","-0.74%"
"Sep 03, 2020","27.492","27.930","27.930","27.350","0.25K","-2.02%"
"Sep 02, 2020","28.060","28.750","28.750","28.095","0.27K","-3.72%"
"Sep 01, 2020","29.145","29.530","29.535","29.530","0.21K","0.17%"
"Aug 31, 2020","29.095","28.985","28.985","28.985","0.02K","3.08%"
"Aug 30, 2020","28.227","27.812","28.462","27.812","-","-0.28%"
"Aug 28, 2020","28.306","28.380","28.380","28.380","0.00K","2.01%"
"Aug 27, 2020","27.749","27.990","27.990","27.330","0.04K","-1.39%"
"Aug 26, 2020","28.141","27.215","27.215","27.215","0.01K","4.52%"
"Aug 25, 2020","26.925","27.135","27.145","27.135","0.01K","-1.34%"
"Aug 24, 2020","27.292","27.670","27.670","27.670","0.00K","2.37%"
"Aug 23, 2020","26.660","26.780","26.900","26.540","-","-2.68%"
"Aug 21, 2020","27.394","27.890","27.890","27.890","0.01K","-1.64%"
"Aug 20, 2020","27.850","27.650","27.720","27.650","0.01K","-0.70%"
"Aug 19, 2020","28.046","28.580","28.580","28.205","0.01K","-2.62%"
"Aug 18, 2020","28.801","28.970","28.970","28.970","0.00K","1.55%"
"Aug 17, 2020","28.361","27.675","28.260","27.675","0.18K","8.14%"
"Aug 16, 2020","26.227","26.578","26.885","26.180","-","-2.09%"
"Aug 14, 2020","26.787","28.380","28.380","26.540","0.02K","-5.85%"
"Aug 13, 2020","28.451","26.960","28.200","26.960","0.21K","6.25%"
"Aug 12, 2020","26.778","26.710","26.810","26.595","0.03K","-0.36%"
"Aug 11, 2020","26.874","28.525","28.525","28.525","0.03K","-10.82%"
"Aug 10, 2020","30.135","29.105","29.785","29.105","0.06K","6.67%"
"Aug 09, 2020","28.250","28.355","28.565","27.962","-","-0.92%"
"Aug 07, 2020","28.511","30.660","30.660","28.610","0.04K","-3.06%"
"Aug 06, 2020","29.411","28.150","29.800","28.150","0.07K","5.58%"
"Aug 05, 2020","27.857","27.970","28.140","27.615","0.02K","3.34%"
"Aug 04, 2020","26.956","25.300","26.450","25.295","0.00K","6.42%"
"Aug 03, 2020","25.329","25.225","25.370","25.220","0.01K","2.34%"
"Aug 02, 2020","24.750","24.545","25.267","24.315","-","-1.56%"
"Jul 31, 2020","25.142","24.635","25.185","24.635","0.03K","3.47%"
"Jul 30, 2020","24.300","24.390","24.505","24.345","0.02K","-3.78%"
"Jul 29, 2020","25.255","25.310","25.865","24.950","0.01K","0.26%"
"Jul 28, 2020","25.189","26.805","26.805","24.405","0.01K","-0.74%"
"Jul 27, 2020","25.378","24.515","25.290","24.515","0.05K","8.57%"
"Jul 26, 2020","23.375","22.970","23.440","22.965","-","-1.34%"
"Jul 24, 2020","23.692","23.585","23.840","23.575","0.06K","-0.51%"
"Jul 23, 2020","23.814","23.640","23.665","23.635","0.02K","-0.51%"
"Jul 22, 2020","23.935","22.900","23.425","22.900","0.02K","7.47%"
"Jul 21, 2020","22.271","21.650","21.750","21.650","0.04K","6.58%"
"Jul 20, 2020","20.897","20.760","20.760","20.760","0.00K","5.93%"
"Jul 19, 2020","19.727","19.755","19.760","19.710","-","-3.61%"
"Jul 17, 2020","20.465","20.450","20.450","20.405","0.02K","1.29%"
"Jul 16, 2020","20.205","20.325","20.325","20.325","0.00K","-0.87%"
"Jul 15, 2020","20.382","20.405","20.405","20.400","0.07K","1.33%"
"Jul 14, 2020","20.114","20.100","20.145","19.900","0.07K","-1.50%"
"Jul 13, 2020","20.420","20.510","20.510","20.510","0.01K","6.53%"
"Jul 12, 2020","19.168","19.075","19.203","19.058","-","-2.77%"
"Jul 10, 2020","19.714","19.770","19.770","19.710","0.01K","0.43%"
"Jul 09, 2020","19.629","19.990","20.105","19.855","0.01K","-0.92%"
"Jul 08, 2020","19.812","19.600","19.850","19.600","0.00K","2.30%"
"Jul 07, 2020","19.367","19.245","19.390","19.245","0.31K","0.66%"
"Jul 06, 2020","19.240","19.495","19.495","19.495","0.00K","4.95%"
"Jul 05, 2020","18.332","18.335","18.363","18.300","-","0.09%"
"Jul 03, 2020","18.315","18.250","18.345","18.223","-","-3.42%"
"Jul 02, 2020","18.964","18.840","19.050","18.840","0.01K","0.73%"
"Jul 01, 2020","18.826","19.100","19.100","18.775","0.02K","-1.59%"
"Jun 30, 2020","19.131","18.500","19.105","18.500","0.00K","3.09%"
"Jun 29, 2020","18.557","18.765","18.765","18.575","0.00K","3.07%"
"Jun 28, 2020","18.005","17.878","18.098","17.878","-","-3.52%"
"Jun 26, 2020","18.662","18.725","18.725","18.640","0.00K","0.58%"
"Jun 25, 2020","18.555","18.555","18.555","18.555","0.00K","1.17%"
"Jun 24, 2020","18.340","18.400","18.400","18.255","0.00K","-2.30%"
"Jun 23, 2020","18.772","18.775","18.855","18.775","0.00K","0.84%"
"Jun 22, 2020","18.615","18.675","18.900","18.675","0.02K","3.59%"
"Jun 21, 2020","17.970","17.837","17.983","17.837","-","-3.25%"
"Jun 19, 2020","18.573","18.640","18.640","18.640","0.02K","2.02%"
"Jun 18, 2020","18.205","18.095","18.120","18.050","0.01K","-1.44%"
"Jun 17, 2020","18.471","18.580","18.580","18.580","0.00K","0.82%"
"Jun 16, 2020","18.321","18.335","18.350","18.170","0.01K","1.38%"
"Jun 15, 2020","18.072","18.115","18.115","18.115","0.02K","2.77%"
"Jun 14, 2020","17.585","17.562","17.617","17.510","-","-3.21%"
"Jun 12, 2020","18.169","18.200","18.200","18.200","0.00K","-2.29%"
"Jun 11, 2020","18.595","18.920","18.920","18.920","0.01K","0.54%"
"Jun 10, 2020","18.495","18.555","18.555","18.555","0.01K","-0.23%"
"Jun 09, 2020","18.537","18.525","18.610","18.470","0.00K","-0.76%"
"Jun 08, 2020","18.679","18.350","18.610","18.350","0.15K","6.24%"
"Jun 07, 2020","17.582","17.575","17.595","17.512","-","-3.53%"
"Jun 05, 2020","18.226","18.000","18.000","18.000","0.00K","-2.54%"
"Jun 04, 2020","18.701","18.545","18.645","18.545","0.02K","0.66%"
"Jun 03, 2020","18.579","18.513","18.513","18.513","0.00K","-1.52%"
"Jun 02, 2020","18.866","19.200","19.200","19.200","0.00K","-2.47%"
"Jun 01, 2020","19.343","19.045","19.130","19.045","0.01K","3.53%"
"May 31, 2020","18.683","18.470","18.755","18.470","-","-0.89%"
"May 29, 2020","18.851","18.300","18.675","18.300","0.11K","2.87%"
"May 28, 2020","18.325","18.285","18.300","18.285","0.02K","1.19%"
"May 27, 2020","18.109","18.125","18.125","18.125","0.00K","0.93%"
"May 26, 2020","17.943","17.877","17.877","17.877","0.00K","1.71%"
"May 25, 2020","17.642","17.637","17.685","17.370","-","-0.02%"
"May 24, 2020","17.645","17.675","17.703","17.617","-","-2.13%"
"May 22, 2020","18.029","17.945","17.945","17.890","0.02K","2.08%"
"May 21, 2020","17.662","17.905","17.905","17.740","0.00K","-3.51%"
"May 20, 2020","18.305","18.350","18.350","18.350","0.00K","0.70%"
"May 19, 2020","18.177","18.000","18.000","18.000","0.05K","2.30%"
"May 18, 2020","17.768","17.650","18.120","17.650","0.01K","2.47%"
"May 17, 2020","17.340","17.110","17.400","17.110","-","-0.12%"
"May 15, 2020","17.361","17.170","17.320","17.170","0.03K","5.45%"
"May 14, 2020","16.464","15.960","15.960","15.960","0.00K","2.79%"
"May 13, 2020","16.017","15.930","15.930","15.930","0.01K","-0.41%"
"May 12, 2020","16.083","16.020","16.020","16.020","35.61K","0.37%"
"May 11, 2020","16.024","16.000","16.000","16.000","0.00K","1.07%"
"May 10, 2020","15.855","15.790","15.870","15.750","-","-1.57%"
"May 08, 2020","16.108","16.215","16.295","16.215","0.00K","1.18%"
"May 07, 2020","15.920","15.857","15.857","15.857","0.00K","3.69%"
"May 06, 2020","15.354","15.290","15.290","15.290","0.00K","-0.55%"
"May 05, 2020","15.439","15.435","15.530","15.430","0.01K","2.00%"
"May 04, 2020","15.137","15.105","15.130","15.035","0.04K","1.12%"
"May 03, 2020","14.970","15.010","15.120","14.805","-","-2.23%"
"May 01, 2020","15.312","15.265","15.265","15.265","0.00K","-0.12%"
"Apr 30, 2020","15.331","15.405","15.405","15.405","0.01K","-1.82%"
"Apr 29, 2020","15.615","15.880","16.080","15.880","0.00K","0.10%"
"Apr 28, 2020","15.599","15.630","15.630","15.630","0.00K","0.44%"
"Apr 27, 2020","15.530","15.665","15.665","15.665","0.00K","1.07%"
"Apr 26, 2020","15.365","15.350","15.390","15.290","-","-1.63%"
"Apr 24, 2020","15.620","15.880","15.885","15.880","0.01K","-0.52%"
"Apr 23, 2020","15.701","15.638","15.638","15.638","0.03K","0.13%"
"Apr 22, 2020","15.680","15.617","15.617","15.617","15.04K","3.46%"
"Apr 21, 2020","15.155","15.140","15.140","15.025","0.00K","-4.76%"
"Apr 20, 2020","15.913","15.420","15.930","15.420","0.00K","4.38%"
"Apr 19, 2020","15.245","15.290","15.355","15.235","-","-2.45%"
"Apr 17, 2020","15.628","15.755","15.755","15.540","0.06K","-2.20%"
"Apr 16, 2020","15.979","15.905","15.930","15.875","0.01K","0.69%"
"Apr 15, 2020","15.869","15.865","15.865","15.840","0.01K","-4.20%"
"Apr 14, 2020","16.564","16.470","16.470","16.470","0.03K","3.62%"
"Apr 13, 2020","15.985","15.675","15.795","15.675","0.01K","1.40%"
"Apr 12, 2020","15.765","15.865","15.973","15.732","-","-0.94%"
"Apr 10, 2020","15.915","15.915","15.915","15.915","-","-3.59%"
"Apr 09, 2020","16.507","16.444","16.444","16.444","0.00K","6.11%"
"Apr 08, 2020","15.557","15.494","15.494","15.494","0.15K","-1.23%"
"Apr 07, 2020","15.750","15.800","15.800","15.690","0.17K","2.29%"
"Apr 06, 2020","15.398","15.015","15.015","15.015","0.00K","5.97%"
"Apr 05, 2020","14.530","14.500","14.570","14.357","-","-1.47%"
"Apr 03, 2020","14.747","14.684","14.684","14.684","0.43K","-1.20%"
"Apr 02, 2020","14.926","14.863","14.863","14.863","0.15K","4.91%"
"Apr 01, 2020","14.227","14.164","14.164","14.164","5.53K","-1.16%"
"Mar 31, 2020","14.394","14.331","14.331","14.331","0.01K","0.06%"
"Mar 30, 2020","14.385","14.322","14.322","14.322","6.31K","-1.15%"
"Mar 29, 2020","14.553","14.565","14.710","14.473","-","-1.42%"
"Mar 27, 2020","14.763","14.710","14.710","14.710","0.00K","-0.51%"
"Mar 26, 2020","14.838","14.775","14.775","14.775","4.26K","-1.15%"
"Mar 25, 2020","15.010","14.500","14.500","14.500","0.00K","3.99%"
"Mar 24, 2020","14.434","13.625","13.625","13.625","0.00K","7.00%"
"Mar 23, 2020","13.490","12.780","12.780","12.635","0.01K","8.48%"
"Mar 22, 2020","12.435","12.643","12.662","12.290","-","-1.20%"
"Mar 20, 2020","12.586","12.800","12.800","12.800","0.03K","1.93%"
"Mar 19, 2020","12.348","12.370","12.370","12.085","0.00K","3.09%"
"Mar 18, 2020","11.978","12.480","12.485","12.210","0.03K","-5.71%"
"Mar 17, 2020","12.703","12.640","12.640","12.640","0.00K","-2.44%"
"Mar 16, 2020","13.021","12.335","12.890","12.335","0.00K","-11.90%"
"Mar 15, 2020","14.780","14.655","15.245","14.655","-","0.40%"
"Mar 13, 2020","14.721","15.375","15.400","15.375","0.01K","-9.39%"
"Mar 12, 2020","16.247","16.184","16.184","16.184","0.00K","-4.60%"
"Mar 11, 2020","17.031","16.945","16.965","16.905","0.02K","-1.10%"
"Mar 10, 2020","17.221","17.130","17.130","17.130","0.00K","-0.61%"
"Mar 09, 2020","17.326","17.815","17.815","17.815","0.00K","-0.95%"
"Mar 08, 2020","17.492","17.343","17.600","17.343","-","-0.54%"
"Mar 06, 2020","17.587","17.415","17.415","17.415","0.00K","-0.89%"
"Mar 05, 2020","17.745","17.663","17.663","17.663","3.00K","0.72%"
"Mar 04, 2020","17.619","17.532","17.532","17.532","0.00K","0.20%"
"Mar 03, 2020","17.584","17.497","17.497","17.497","5.60K","2.51%"
"Mar 02, 2020","17.153","17.060","17.060","17.060","0.00K","3.55%"
"Mar 01, 2020","16.565","16.625","16.710","16.445","-","-2.01%"
"Feb 28, 2020","16.904","17.685","17.685","17.685","0.00K","-7.17%"
"Feb 27, 2020","18.209","18.375","18.375","18.375","0.00K","-0.96%"
"Feb 26, 2020","18.385","18.350","18.430","18.350","0.02K","-1.90%"
"Feb 25, 2020","18.742","18.649","18.649","18.649","14.01K","-3.55%"
"Feb 24, 2020","19.432","19.339","19.339","19.339","5.31K","4.20%"
"Feb 23, 2020","18.648","18.457","18.793","18.457","-","-2.29%"
"Feb 21, 2020","19.086","18.993","18.993","18.993","1.87K","1.10%"
"Feb 20, 2020","18.878","18.785","18.785","18.785","4.22K","0.05%"
"Feb 19, 2020","18.869","18.725","18.865","18.725","0.03K","0.88%"
"Feb 18, 2020","18.704","18.611","18.611","18.611","3.16K","5.15%"
"Feb 17, 2020","17.788","17.712","17.863","17.703","-","0.40%"
"Feb 16, 2020","17.718","17.773","17.785","17.670","-","-3.10%"
"Feb 14, 2020","18.285","18.192","18.192","18.192","1.38K","0.61%"
"Feb 13, 2020","18.174","18.081","18.081","18.081","2.00K","0.68%"
"Feb 12, 2020","18.051","17.958","17.958","17.958","1.84K","-0.55%"
"Feb 11, 2020","18.150","18.057","18.057","18.057","2.71K","-1.06%"
"Feb 10, 2020","18.344","18.251","18.251","18.251","2.27K","3.48%"
"Feb 09, 2020","17.727","17.683","17.762","17.670","-","-2.88%"
"Feb 07, 2020","18.252","18.159","18.159","18.159","2.85K","-0.71%"
"Feb 06, 2020","18.382","18.289","18.289","18.289","1.01K","1.19%"
"Feb 05, 2020","18.165","18.074","18.074","18.074","0.82K","0.30%"
"Feb 04, 2020","18.111","18.025","18.025","18.025","0.81K","-0.59%"
"Feb 03, 2020","18.218","18.580","18.580","18.115","0.00K","0.84%"
"Feb 02, 2020","18.067","18.115","18.117","18.020","-","-2.65%"
"Jan 31, 2020","18.558","18.472","18.472","18.472","1.05K","0.09%"
"Jan 30, 2020","18.542","18.456","18.456","18.456","1.01K","2.78%"
"Jan 29, 2020","18.041","17.955","17.955","17.955","0.69K","0.16%"
"Jan 28, 2020","18.012","18.070","18.070","18.070","0.00K","-3.21%"
"Jan 27, 2020","18.610","18.524","18.524","18.524","0.65K","2.15%"
"Jan 26, 2020","18.218","18.115","18.370","18.115","-","-2.43%"
"Jan 24, 2020","18.672","18.586","18.586","18.586","1.03K","1.54%"
"Jan 23, 2020","18.389","18.303","18.303","18.303","0.40K","0.01%"
"Jan 22, 2020","18.388","18.302","18.302","18.302","1.50K","0.10%"
"Jan 21, 2020","18.369","18.283","18.283","18.283","0.81K","1.64%"
"Jan 20, 2020","18.073","18.045","18.133","18.003","-","0.17%"
"Jan 19, 2020","18.043","18.032","18.060","18.027","-","-3.20%"
"Jan 17, 2020","18.640","18.554","18.554","18.554","0.59K","0.72%"
"Jan 16, 2020","18.507","18.421","18.421","18.421","0.22K","-0.26%"
"Jan 15, 2020","18.556","18.470","18.470","18.470","1.01K","1.34%"
"Jan 14, 2020","18.310","18.224","18.224","18.224","2.36K","-1.41%"
"Jan 13, 2020","18.572","18.486","18.486","18.486","1.72K","2.73%"
"Jan 12, 2020","18.078","18.135","18.150","18.052","-","-3.22%"
"Jan 10, 2020","18.679","18.593","18.593","18.593","2.86K","0.93%"
"Jan 09, 2020","18.507","18.421","18.421","18.421","2.27K","-1.23%"
"Jan 08, 2020","18.737","18.651","18.651","18.651","2.27K","-1.19%"
"Jan 07, 2020","18.962","18.876","18.876","18.876","1.85K","1.14%"
"Jan 06, 2020","18.748","18.662","18.662","18.662","4.18K","2.94%"
"Jan 05, 2020","18.212","18.098","18.343","18.098","-","-2.71%"
"Jan 03, 2020","18.719","18.633","18.633","18.633","1.42K","0.55%"
"Jan 02, 2020","18.616","18.530","18.530","18.530","0.73K","3.78%"
"Jan 01, 2020","17.938","17.913","18.000","17.913","-","-2.99%"